kingdom,phylum,class,order,family,Common Name
Animal,Invertebrates ,8 legs,Spiders,Agelenidae,Giant House Spider
,,,,Orb-weaver spiders,Oak Spider
,,,,,Gorse Orbweaver
,,,,,Cross Orbweaver
,,,,,Four-spot Orbweaver
,,,,,Wasp Spider
,,,,,Cricket-bat Orbweaver
,,,,,Walnut Orbweaver
,,,,,Silver-sided Sector Spider
,,,,Nursery web spiders,European Nursery Web spider
,,,,Jumping spiders,Fencepost jumping spider
,,,,,Zebra Jumping Spider
,,,,Huntsman spider,Green Huntsman Spider
,,,,tangle web spider,Triangulate Combfoot
,,,,crab spiders,Goldenrod Crab Spider
,,,,,Napoleon Spider
,,,,false wolf spiders,Mediterranean Spiny False Wolf Spider
,,,Mites,gall and rust mites,Red Nail Gall Mite
,,,Ticks,hardbacked ticks,Castor Bean Tick
,,,Harvestmen,Phalangiidae,Saddleback Harvestman
,,,,,Canestrini's Harvestman
,,,,,European Harvestman
,,,,Sclerosomatidae,Rotundum Group
,,Hexanauplia,barnacles,Balanidae,Northern Acorn Barnacle
,,Insects,cockroaches and termites,Giant cockroaches,Banana Cockroach
,,,Beetles,soldier beetles,Dark Sailor Beetle
,,,,,Cantharis livida
,,,,,Common Red Soldier Beetle
,,,,ground beetle,carabus coriaceus
,,,,,Granulated Ground Beetle
,,,,,Bronze Ground Beetle
,,,,,Green Tiger Beetle
,,,,,Northern Dune Tiger Beetle
,,,,,Strawberry Seed Beetle
,,,,longhorn beetle,Golden-bloomed Longhorn Beetle
,,,,,Musk beetle
,,,,,Capricorn beetle
,,,,,Wasp Beetle
,,,,,four-banded longhorn beetle
,,,,,The Tanner
,,,,,Fairy-ring Longhorn Beetle
,,,,,Ribbed Pine Borer
,,,,,Blackspotted Longhorn Beetle
,,,,,Spotted Longhorn Beetle
,,,,,Black-striped Longhorn Beetle
,,,,,Red Pine Longhorn Beetle
,,,,Leaf beetles,Alder Leaf Beetle
,,,,,Thistle Tortoise Beetle
,,,,,Rosemary Beetle
,,,,,Dead-nettle Leaf Beetle
,,,,,Poplar Leaf Beetle
,,,,,Spotted Willow Leaf Beetle
,,,,,ant bag beetle
,,,,,black-punctured leaf beetle
,,,,,Green Dock Beetle
,,,,,Colorado Potato Beetle
,,,,,Lily Leaf Beetle
,,,,,Willow Leaf Beetle
,,,,,Bloody-nosed Beetle
,,,,checkered beetles,Trichodes alvearius
,,,,,Bee-eating Beetle
,,,,Ladybirds,Two-spotted Lady Beetle
,,,,,10-spot Ladybird
,,,,,Eyed Ladybird Beetle
,,,,,Cream-spotted Ladybird
,,,,,Seven-spotted Lady Beetle
,,,,,Pine Ladybird
,,,,,Orange Ladybird
,,,,,Asian Lady Beetle
,,,,,Variegated Lady Beetle
,,,,,Fourteen-spotted Lady Beetle
,,,,,22-spot Ladybird
,,,,True weevils,Canada Thistle Bud Weevil
,,,,,Black Vine Weevil
,,,,,Nettle weevil
,,,,,Green Immigrant Leaf Weevil
,,,,Skin beetles,Varied Carpet Beetle
,,,,,larder beetle
,,,,click beetles,Mottled dingy-brown click beetle
,,,,earth-boring dung beetles or dor beetles,Woodland Dor Beetle
,,,,,Springtime Dung Beetle
,,,,firefly,European Glow-worm
,,,,stag beetle,Lesser Stag Beetle
,,,,,European Stag Beetle
,,,,blister beetles,Black Oil Beetle
,,,,,Violet Oil Beetle
,,,,Soft-winged flower beetles,Common Malachite-beetle
,,,,false blister beetles,Thick-legged Flower Beetle
,,,,fire coloured beetle,Black-headed Cardinal Beetle
,,,,,Common Cardinal Beetle
,,,,Scarabs,Summer Chafer
,,,,,European Rose Chafer
,,,,,Cockchafers
,,,,,European Rhinoceros Beetle
,,,,,Garden Chafer
,,,,,Copper Chafer
,,,,,Eurasian Bee Beetle
,,,,,Valgus hemipterus
,,,,carrion beetles,Lesser Vespillo Burying Beetle
,,,,,Red-breasted Carrion Beetle
,,,,,Black snail beetle
,,,,rove beetle,Devil's Coach Horse Beetle
,,,,darkling beetle,Rough-haired Lagria Beetle
,,,Earwig,Forficulidae,European Earwig Complex
,,,Fly,robber flies,Stripe-legged Robber Fly
,,,,bee flies,Greater Bee Fly
,,,,blow flies,Blue Blowfly
,,,,,Common European Greenbottle Fly
,,,,mosquito,Inland Floodwater Mosquito
,,,,,House Mosquito Complex
,,,,house flies,Noon Fly
,,,,,Stable Fly
,,,,"drain flies, sink flies, filter flies, sewer flies, or sewer gnats",Bathroom Moth Fly
,,,,dung flies,Golden Dung Fly
,,,,soldier flies,Garden soldier fly
,,,,hoverflies,Marmalade Hover Fly
,,,,,Common Lagoon Fly
,,,,,Eurasian Drone Fly
,,,,,Tapered Drone Fly
,,,,,Common Drone Fly
,,,,,Migrant Hover Fly
,,,,,Sun Fly
,,,,,Trivittate Marsh Fly
,,,,,Narcissus Bulb Fly
,,,,,Yellow-haired Sun Fly
,,,,,Eurasian Smoothwing
,,,,,Common Globetail
,,,,,Thick-legged Hover Fly
,,,,,Bumblebee mimic hoverfly
,,,,,Pellucid Hover Fly
,,,,,Hornet Mimic Hover Fly
,,,,Tachinid flies,Common Tachinid
,,,True Bugs,shieldbugs/stinkbugs,Hawthorn Shield Bug
,,,,,Birch Shield Bug
,,,,,Parent Bug
,,,,Aphids,Giant Willow Aphid
,,,,froghoppers,Common Froghopper
,,,,leafhoppers,Green Leafhopper
,,,,,Rhododendron Leafhopper
,,,,,Japanese Leafhopper
,,,,leaf footed bugs,Dock Bug
,,,,,Box Bug
,,,,,Western Conifer Seed Bug
,,,,seed bugs,Birch Catkin Bug
,,,,,Lygaeus equestris / simulans Complex
,,,,,Spilostethus saxatilis
,,,,plant bugs,Alfalfa Plant Bug
,,,,,Potato Mirid
,,,,,red-spotted plant bug
,,,,,Meadow Plant Bug
,,,,,Two-spotted Grass Bug
,,,,water scorpions,Eurasian Water Scorpion
,,,,Oxycarenidae,Lime seed bug
,,,,stink bugs,Bishop's Mitre Shield Bug
,,,,,northern fruit bug
,,,,,Black-shouldered Shieldbug
,,,,,Sloe Bug
,,,,,Cabbage Bug
,,,,,red cabbage bug
,,,,,European Striped Shield Bug
,,,,,Southern Green Stink Bug
,,,,,Green Shield Bug
,,,,,Forest Bug
,,,,,Vernal Shield Bug
,,,,,Spiny Shield Bug
,,,,,Gorse Shield Bug
,,,,,Mottled Stink Bug
,,,,red bugs,European Firebug
,,,,assassin bug,Masked Hunter
,,,,scentless plant bugs,Spotted Firebug
,,,,dirt coloured seed bugs,bright-spotted groundbug
,,,"wasps, bees, and ants",ground nesting bees,Ashy Mining Bee
,,,,,Tawny Mining Bee
,,,,bees,Western Honey Bee
,,,,,Tree Bumble Bee
,,,,,Red-tailed Bumble Bee
,,,,,Common Carder Bumble Bee
,,,,,Early Bumble Bee
,,,,,Buff-tailed Bumble Bee
,,,,,Violet Carpenter Bee
,,,,wasps,European beewolf
,,,,gall wasps,Mossy Rose Gall Wasp
,,,,ants,rufa-group Wood Ants
,,,,sweat bees,Orange-legged Furrow Bee
,,,,,Great Banded Furrow Bee
,,,,leafcutting bees,European Woolcarder Bee
,,,,,Oblong Woolcarder Bee
,,,,,Red Mason Bee
,,,,,European Orchard Bee
,,,,thread waisted wasps,Mexican Grass-carrying Wasp
,,,,Vespids,European tube wasp
,,,,,European Paper Wasp
,,,,,European Hornet
,,,,,Yellow-legged Hornet
,,,,,German Yellowjacket
,,,,,Common European Yellowjacket
,,,butterflies and moths,fairy moths,Green Longhorn Moth
,,,,,yellow-barred long-horn
,,,,Cosmet moths,Shy Cosmet Moth
,,,,carpenter millers,Goat moth
,,,,,Wood Leopard Moth
,,,,crambid snout moths,Pearl Veneer
,,,,,Common Grass-veneer
,,,,,Small Magpie
,,,,,Garden Grass-veneer
,,,,,Yellow Satin Veneer
,,,,,Box Tree Moth
,,,,,Grape Leaffolder and Leafroller Moths
,,,,,Purple-backed Cabbageworm Moth
,,,,,Rush Veneer
,,,,,European corn borer
,,,,,Jasmine Moth
,,,,,Mother of Pearl
,,,,,Generous and Orange Mint Moths and Allies
,,,,,Mottled and Straw-barred Pearls and Allies
,,,,,Common Crimson-and-gold Moth
,,,,,Rusty Dot Pearl
,,,,flat bodied moths,Oak Lantern
,,,,hooktip moths,Pebble Hook-tip
,,,,,Buff Arches
,,,,,Peach Blossom Moth
,,,,,Oak Hook-tip
,,,,,Barred Hook-tip
,,,,Erebidae,Nine-spotted Moth
,,,,,Garden Tiger
,,,,,Wood Tiger
,,,,,Red-necked Footman
,,,,,Scarlet Tiger
,,,,,Mother Shipton
,,,,,Pale tussock
,,,,,Red Underwing
,,,,,Clouded Buff
,,,,,The Passenger
,,,,,Buff Footman
,,,,,Common Footman
,,,,,Orange Footman
,,,,,Burnet Companion
,,,,,Jersey Tiger
,,,,,Brown-tail Moth
,,,,,The Snout
,,,,,Beautiful Hook-tip
,,,,,White Satin Moth
,,,,,Four-spotted Footman
,,,,,Black Arches
,,,,,Rosy Footman
,,,,,Rusty Tussock Moth
,,,,,Ruby Tiger Moth
,,,,,Straw Dot
,,,,,Herald Moth
,,,,,Swan Moth
,,,,,White Ermine
,,,,,Buff Ermine
,,,,,Cinnabar moth
,,,,Geometer moths,Clouded Magpie
,,,,,Mottled Beauty
,,,,,Treble Bar
,,,,,Peppered Moth
,,,,,Common White Wave
,,,,,Light Emerald
,,,,,Yellow Shell Moth
,,,,,Latticed Heath
,,,,,Red-green Carpet
,,,,,Green Carpet
,,,,,Feathered Thorn
,,,,,Scalloped Oak
,,,,,Clay Triple-Lines
,,,,,Dark Marbled Carpet
,,,,,Marbled Carpet Moth
,,,,,Small Phoenix
,,,,,Small Engrailed
,,,,,Common Heath
,,,,,Common Carpet Moth
,,,,,Mottled Umber
,,,,,Large Emerald
,,,,,Double-striped Pug
,,,,,Common Emerald
,,,,,Pale Oak Beauty
,,,,,Riband Wave
,,,,,Small Fan-footed Wave
,,,,,Single-dotted Wave
,,,,,Least Carpet
,,,,,Small Dusty Wave
,,,,,Scorched Carpet
,,,,,Clouded Border
,,,,,Sharp-angled Peacock Moth
,,,,,Tawny-barred Angle
,,,,,Chimney-sweeper
,,,,,Winter Moth
,,,,,Brimstone Moth
,,,,,Swallow-tailed Moth
,,,,,Green Pug
,,,,,Willow Beauty
,,,,,Small Rivulet
,,,,,Speckled Yellow
,,,,,Lewes Wave
,,,,,Shaded Broad-bar
,,,,,Black-veined Moth
,,,,,Blood Vein
,,,,,Dark-barred Twin-spot Carpet
,,,,,Garden Carpet
,,,,,Silver-ground Carpet
,,,,leaf blotch miner moths,Horse-chestnut Leafminer
,,,,ghost moths,Common Swift Moth
,,,,,Orange Swift
,,,,skippers,Mallow Skipper
,,,,,Chequered Skipper
,,,,,Dingy Skipper
,,,,,Common Branded Skipper
,,,,,Large Skipper
,,,,,grizzled skipper
,,,,,Small Skipper
,,,,lappet moths,Drinker Moth
,,,,,Oak Eggar
,,,,,Fox Moth
,,,,,The Lackey
,,,,Gossamer-winged butterflies,Brown Argus
,,,,,Green Hairstreak
,,,,,Holly Blue
,,,,,Short-tailed Blue
,,,,,Small Blue
,,,,,Mazarine Blue
,,,,,Purple hairstreak
,,,,,Green-underside Blue
,,,,,Purple-edged Copper
,,,,,Small Copper
,,,,,Sooty Copper
,,,,,Scarce Copper
,,,,,Silver-studded Blue
,,,,,Northern Blue
,,,,,Adonis Blue
,,,,,Chalkhill Blue
,,,,,Common blue
,,,,,Blue-spot Hairstreak
,,,,,Brown Hairstreak
,,,,owlet moths,Spotted Sulphur
,,,,,Sycamore Moth
,,,,,Knot Grass Moth
,,,,,Heart and Dart
,,,,,Ipsilon Dart Moth
,,,,,shuttle-shaped dart
,,,,,Turnip Moth
,,,,,Nutmeg Moth
,,,,,Dark and Light Arches and Allies
,,,,,Bordered Apamea Moth and Allies
,,,,,Silver Y
,,,,,The Flame
,,,,,Toadflax Brocade Moth
,,,,,Nut-Tree Tussock
,,,,,Dun-bar
,,,,,Coronet
,,,,,tree-lichen beauty
,,,,,Marbled White-spot
,,,,,Cotton Bollworm Moth
,,,,,Vine's Rustic
,,,,,Bright-line Brown-eye
,,,,,Double-lobed Moth
,,,,,Cloaked Minor
,,,,,The White-Point
,,,,,Lesser Yellow Underwing
,,,,,Broad-bordered yellow underwing
,,,,,Large Yellow Underwing
,,,,,Flame Shoulder Moth
,,,,,Common Quaker
,,,,,Hebrew Character
,,,,,Clouded Drab
,,,,,Variegated Cutworm Moth
,,,,,Angle Shades
,,,,,Four-spotted Moth
,,,,,Black-letter Darts
,,,,,Square-spot Rustic
,,,,tuft moths,Green Silver-lines
,,,,prominent moths,Buff-tip
,,,,,Lobster moth
,,,,,Oak Processionary
,,,,brush footed butterflies,European Peacock Butterfly
,,,,,Small Tortoiseshell
,,,,,Lesser Purple Emperor
,,,,,Purple Emperor
,,,,,Ringlet
,,,,,Map
,,,,,High Brown Fritillary
,,,,,Silver-washed Fritillary
,,,,,Weaver's Fritillary
,,,,,Pearl-bordered Fritillary
,,,,,Marbled Fritillary
,,,,,Lesser Marbled Fritillary
,,,,,Pearly Heath
,,,,,Small Heath
,,,,,Scotch Argus
,,,,,Woodland Ringlet
,,,,,Marsh Fritillary
,,,,,Grayling
,,,,,Tree Grayling
,,,,,Queen of Spain Fritillary
,,,,,Large Wall Brown
,,,,,Wall Brown
,,,,,Eurasian White Admiral
,,,,,Meadow Brown
,,,,,Marbled White
,,,,,Heath Fritillary
,,,,,Glanville Fritillary
,,,,,Large Tortoiseshell
,,,,,Speckled Wood
,,,,,European Comma
,,,,,Gatekeeper
,,,,,Dark Green Fritillary
,,,,,Red Admiral
,,,,,Painted Lady
,,,,concealer moths,White-shouldered House Moth
,,,,,Brown House Moth
,,,,swallowtails,Old World Swallowtail
,,,,"Whites, Yellows, and Sulphurs ",orange-tip
,,,,,Black-veined White
,,,,,Clouded Yellow
,,,,,Common Brimstone
,,,,,Large White
,,,,,Green-veined White
,,,,,Small White
,,,,bagworm moths,Common Bagworm Moth
,,,,plume moths,Morning-glory Plume Moth
,,,,,White Plume Moth
,,,,snout moths,Large Tabby
,,,,,Bee Moth
,,,,,Rosy Tabby
,,,,,Greater Wax Moth
,,,,,Clover Hayworm Moth
,,,,,Rosy-striped Knot-horn
,,,,,Meal moth
,,,,,Long-legged Tabby
,,,,metalmark butterflies,Duke of Burgundy
,,,,emperor and giant silk moths,Small Emperor Moth
,,,,hawk moths,Convolvulus Hawkmoth
,,,,,Elephant Hawkmoth
,,,,,Small Elephant Hawkmoth
,,,,,Broad-bordered Bee Hawkmoth
,,,,,Poplar Hawkmoth
,,,,,Eurasian Hummingbird Hawkmoth
,,,,,Lime Hawkmoth
,,,,,Eyed Hawkmoth
,,,,,Privet Hawkmoth
,,,,,Pine Hawkmoth
,,,,Tortrix moths,Maple Leaftier Moth
,,,,,Codling Moth
,,,,,Common Marble
,,,,Ypsolophidae,Honeysuckle Moth
,,,,burnet moths,Six-spot Burnet
,,,Scorpionflies,Scorpionflies,Common European Scorpionfly
,,,dragonflies and damselflies,darners,Southern Hawker
,,,,,Brown Hawker
,,,,,Sedge Darner
,,,,,Migrant Hawker
,,,,,Blue Emperor
,,,,,Lesser Emperor
,,,,broad winged damselflies,Banded Demoiselle
,,,,,Beautiful Demoiselle
,,,,narrow winged damselflies,Azure Damselfly
,,,,,Variable Bluet
,,,,,Common Blue Damselfly
,,,,,Red-eyed Damselfly
,,,,,Small Red-eyed Damselfly
,,,,,Blue-tailed Damselfly
,,,,,Large Red Damselfly
,,,,spiketails,Golden-ringed Dragonfly
,,,,emerald dragonflies,Downy Emerald
,,,,clubtailed dragonflies,Common Clubtail
,,,,,Small Pincertail
,,,,spread-winged damselflies,Western Willow Spreadwing
,,,,,Migrant Spreadwing
,,,,,Emerald Spreadwing
,,,,,Common Spreadwing
,,,,,Small Spreadwing
,,,,,Common Winter Damselfly
,,,,,Siberian Winter Damsel
,,,,skimmers,Broad Scarlet
,,,,,Broad-bodied Chaser
,,,,,Scarce Chaser
,,,,,Southern Skimmer
,,,,,Black-tailed Skimmer
,,,,,Keeled Skimmer
,,,,,Black Meadowhawk
,,,,,Southern Darter
,,,,,Banded Darter
,,,,,Ruddy Darter
,,,,,Common Darter
,,,,,Vagrant Darter
,,,,white-legged damselflies,White-legged Damselfly
,,,"grasshoppers, locusts, and crickets",grasshoppers,common field grasshopper
,,,,,Gold Grasshopper
,,,,,Rufous Grasshopper
,,,,,blue-winged grasshopper
,,,,,Common Green Grasshopper
,,,,,meadow grasshopper
,,,,,Large Marsh Grasshopper
,,,,true crickets,European Field Cricket
,,,,bush crickets,Long-winged Conehead
,,,,,Wart-biter
,,,,,Speckled Bush-cricket
,,,,,Southern Oak Bush-cricket
,,,,,Oak Bush-cricket
,,,,,Sickle-bearing Bush-cricket
,,,,,Mediterranean Katydid
,,,,,Dark Bush-cricket
,,,,,Roesel's Bush-cricket
,,,,,Large Conehead
,,,,,Brown-spotted Bush-cricket
,,,,,Great Green Bush-cricket
,,,silverfish,silverfish,Four-lined Silverfish
,,,,,Long-tailed Silverfish
,,,,,Common Silverfish
,,Shellfish,crustaceans with 10 legs,Astacid crayfish,Signal Crayfish
,,,,Cambarid crayfish,Red Swamp Crayfish
,,,,crabs,European Green Crab
,,,,Varunid crabs,Asian Shore Crab
,,,woodlice etc.,pill woodlice,Nosy Pill Woodlouse
,,,,,Common Pill Woodlouse
,,,,Philosciid woodlice,Common Striped Woodlouse
,,,,Porcellionid woodlice,Atlantic group
,,,,,Brickwork Woodlouse
,Vertebrate ,Ray-finned fish,ray-finned freshwater fish,minnows and carps,Common Rudd
,,,,,European chub
,,,Pikes and mudminnows,pike,Northern Pike
,,,Sticklebacks and Seamoths,Stickleback,Threespine Stickleback
,,,Perch-like fishes,sunfish,Pumpkinseed
,,,,gobies,Round Goby
,,,,Perch,European Perch
,,,Salmon etc.,Salmon,Brown Trout
,,Amphibians ,frogs and toads,true toad,True Toads
,,,,,Natterjack Toad
,,,,tree frogs,Japanese Tree Frog
,,,,,Marsh frog complex
,,,,,Moor Frog
,,,,,Agile Frog
,,,,,European Common Frog
,,,Salamanders,salamanders and newts,Alpine Newt
,,,,,Smooth Newt
,,,,,Amphibians
,,,,,Great Crested Newt
,,Birds,diurnal birds of prey,hawks and eagles,Eurasian Goshawk
,,,,,Eurasian Sparrowhawk
,,,,,"Buteonine Hawks, Kites, and allies"
,,,,,Rough-legged Hawk
,,,,,Short-toed Snake-Eagle
,,,,,Western Marsh Harrier
,,,,,Northern Harrier
,,,,,Pallid Harrier
,,,,,White-tailed Eagle
,,,,,Black Kite
,,,,,Milvus Kites
,,,,,European Honey-buzzard
,,,,ospreys,Osprey
,,,waterfowl,ducks,Mandarin Duck
,,,,,Egyptian Goose
,,,,,Northern Pintail
,,,,,Mallard
,,,,,Greater White-fronted Goose
,,,,,Waterfowl
,,,,,Pink-footed Goose
,,,,,Taiga Bean Goose
,,,,,Bar-headed Goose
,,,,,Common Pochard
,,,,,Tufted Duck
,,,,,Greater Scaup
,,,,,Ferruginous Duck
,,,,,Brant
,,,,,Barnacle Goose
,,,,,Muscovy Duck
,,,,,Long-tailed Duck
,,,,,Black Swan
,,,,,Tundra Swan
,,,,,Mute Swan
,,,,,Eurasian Wigeon
,,,,,Gadwall
,,,,,Surf Scoter
,,,,,Smew
,,,,,Common Merganser
,,,,,Red-breasted Merganser
,,,,,Red-crested Pochard
,,,,,Common Eider
,,,,,Northern Shoveler
,,,,,Garganey
,,,,,Ruddy Shelduck
,,,,,Typical Shelducks
,,,nightjars,swifts,Typical Swifts
,,,,nightjars,Eurasian Nightjar
,,,Shorebirds,Auk,Razorbill
,,,,,Common Murre
,,,,plovers,Little Ringed Plover
,,,,,Common Ringed Plover
,,,,,European Golden Plover
,,,,,American Golden Plover
,,,,,Lapwings
,,,,Oystercatchers,Eurasian Oystercatcher
,,,,gulls,Black-headed Gull
,,,,,Mediterranean Gull
,,,,,American Herring Gull
,,,,,Yellow-legged Gull
,,,,,Common Gull
,,,,,Lesser Black-backed Gull
,,,,,Glaucous Gull
,,,,,Laughing Gull
,,,,,Black-legged Kittiwake
,,,,,Common Tern
,,,,,Arctic Tern
,,,,,Little Tern
,,,,,Sandwich Tern
,,,,stilts and avocets,Pied Avocet
,,,,sandpiper,Common Sandpiper
,,,,,Ruddy Turnstone
,,,,,Dunlin
,,,,,Red Knot
,,,,,Purple Sandpiper
,,,,,Ruff
,,,,,Temminck's Stint
,,,,,Typical Snipes
,,,,,Bar-tailed Godwit
,,,,,Carex subg. Carex
,,,,,Eurasian Curlew
,,,,,Whimbrel
,,,,,Spotted Redshank
,,,,,Common Greenshank
,,,,,Green Sandpiper
,,,,,Common Redshank
,,,,,Terek Sandpiper
,,,,Skuas,Parasitic Jaeger
,,,storklike,storks,Ciconia Storks
,,,,,Black Stork
,,,Pigeons and doves,Pigeons and doves,Stock Dove
,,,,,Common Wood-Pigeon
,,,,,Eurasian Collared-Dove
,,,,,European Turtle-Dove
,,,"kingfishers, the bee-eaters, the rollers etc.",kingfisher,Common Kingfisher
,,,,rollers,European Roller
,,,,bee eater,European Bee-eater
,,,Cuckoos etc.,cuckoos,Common Cuckoo
,,,Falcons,Falcons and caracaras,Peregrine Falcon
,,,,,Eurasian Hobby
,,,,,Eurasian Kestrel
,,,,,Red-footed Falcon
,,,Landfowl,"heavy, ground-living birds",Red-legged Partridge
,,,,,Perdix Partridges
,,,,,Ring-necked Pheasant
,,,,,Black Grouse
,,,Loons,divers,Arctic Loon
,,,,,Common Loon
,,,,,Red-throated Loon
,,,crane-like,cranes,Demoiselle Crane
,,,,,pears
,,,,rail,Eurasian Coot
,,,,,Common Moorhen
,,,,,Water Rail
,,,perching birds,reed warblers etc.,Sedge Warbler
,,,,,Common Reed Warbler
,,,,long tailed tits,Long-tailed Tit
,,,,larks,Eurasian Skylark
,,,,,Horned Lark
,,,,,Woodlark
,,,,longspurs and snow buntings,Lapland Longspur
,,,,,Snow Bunting
,,,,Treecreepers,Short-toed Treecreeper
,,,,,Eurasian Treecreeper
,,,,Dippers,Dippers
,,,,crows,Hooded Crow
,,,,,Rook
,,,,,Eurasian Jackdaw
,,,,,House Crow
,,,,,Eurasian Jay
,,,,,Northern Nutcracker
,,,,,"Woodpeckers, Barbets, Toucans and Honeyguides"
,,,,american sparrows,Yellowhammer
,,,,,Rustic Bunting
,,,,,Reed Bunting
,,,,finches,Lesser Redpoll
,,,,,Redpoll
,,,,,American Goldfinch
,,,,,Common Rosefinch
,,,,,Greenfinches
,,,,,Holarctic Grosbeaks
,,,,,Common Chaffinch
,,,,,Brambling
,,,,,Eurasian Linnet
,,,,,Bullfinches
,,,,,Typical Serins and Allies
,,,,,Siskins and New World Goldfinches
,,,,swallows,Western House Martin
,,,,,Barn Swallow
,,,,,reed canary grass
,,,,shrike,Great Grey Shrike
,,,,pipits and wagtails,Red-throated Pipit
,,,,,Olive-backed Pipit
,,,,,Rock Pipit
,,,,,Meadow Pipit
,,,,,Water Pipit
,,,,,Tree Pipit
,,,,,White Wagtail
,,,,,Grey Wagtail
,,,,,Western Yellow Wagtail
,,,,old world flycatchers,European Robin
,,,,,European Pied Flycatcher
,,,,,Common Nightingale
,,,,,Bluethroat
,,,,,Spotted Flycatcher
,,,,,Northern wheatear
,,,,,Black Redstart
,,,,,True Redstarts
,,,,,Whinchat
,,,,,European Stonechat
,,,,Old World orioles,Old World Orioles
,,,,reedlings,Bearded Reedling
,,,,tits,Eurasian Blue Tit
,,,,,Azure Tit
,,,,,Crested Tit
,,,,,Great Tit
,,,,,Coal Tit
,,,,,Willow Tit
,,,,,Marsh Tit
,,,,Old World sparrows,House Sparrow
,,,,,Eurasian Tree Sparrow
,,,,Leaf warbler,Common Chiffchaff
,,,,,Wood Warbler
,,,,,Willow Warbler
,,,,Accentors,Alpine Accentor
,,,,,Dunnock
,,,,Kinglets,Common Firecrest
,,,,,Ruby-crowned Kinglet
,,,,Penduline tits,Eurasian Penduline-Tit
,,,,nuthatch,Eurasian Nuthatch
,,,,Sylviid warblers,Eurasian Blackcap
,,,,,Garden Warbler
,,,,,Common Whitethroat
,,,,,Curruca Warblers
,,,,wrens,Wrens
,,,,thrush,Redwing
,,,,,Eurasian Blackbird
,,,,,Song Thrush
,,,,,Fieldfare
,,,,,Mistle Thrush
,,,medium-sized and large waterbirds with webbed feet,herons,Great Egret
,,,,,Grey Heron
,,,,,Purple Heron
,,,,,Eurasian Bittern
,,,,ibises and the spoonbills,Eurasian Spoonbill
,,,Flamingos ,Flamingos ,Chilean Flamingo
,,,woodpeckers etc.,woodpeckers ,White-backed Woodpecker
,,,,,Great Spotted Woodpecker
,,,,,Middle Spotted Woodpecker
,,,,,Lesser Spotted Woodpecker
,,,,,Black Woodpecker
,,,,,Eurasian Wryneck
,,,,,Grey-headed Woodpecker
,,,,,Eurasian Green Woodpecker
,,,Grebes,Grebes,Great Crested Grebe
,,,,,Red-necked Grebe
,,,,,Eared Grebe
,,,,,Little Grebe
,,,seabirds,albatross,Black-browed Albatross
,,,,petrels etc.,Northern Fulmar
,,,parrots,Old World parrots,Australian Ringneck
,,,,,Budgerigar
,,,,,Rose-ringed Parakeet
,,,owls,true owls,Short-eared Owl
,,,,,Eastern Screech-Owl
,,,,,Little Owl
,,,,,Typical Eagle-Owls and Horned Owls
,,,,,Tawny Owl
,,,,barn owls,Western Barn Owl
,,,Gannets,Cormorants,Great Cormorant
,,,,gannets and boobies,Northern Gannet
,,Mammals,hooved animals we eat,"cloven-hoofed, ruminant mammals",Domestic Cattle
,,,,,Domestic Goat
,,,,,Domestic Sheep
,,,,deer family,Roe Deer
,,,,,Red Deer
,,,,,vascular plants
,,,,porpoises,Typical Porpoises
,,,,pigs,Wild Boar
,,,Carnivores,dogs,Typical Foxes
,,,,"long tube-shaped body, short legs, and a strong thick neck with a small head",Stone Marten
,,,,,Eurasian Badgers
,,,,,Eurasian Stoat
,,,,,Least Weasel
,,,,Earless seals,Grey Seal
,,,,,Harbor Seal
,,,truly fat and blind,hedgehogs etc.,Common Hedgehog
,,,,moles etc.,European Mole
,,,rabbits and hares,rabbits and hares,Brown Hare
,,,,,European Rabbit
,,,Rodents,beavers,Eurasian Beaver
,,,,Voles etc.,Bank Vole
,,,,,Muskrat
,,,,spiny rats,Coypu
,,,,Old World Mice and Rats ,Brown Rat
,,,,squirrel ,Siberian Chipmunk
,,,,,Eurasian Red Squirrel
,,Reptiles,Scaled reptiles,lizards,Common Slowworm
,,,,Colubrid Snakes,Smooth Snake
,,,,,barred grass snake
,,,,wall lizards,Sand Lizard
,,,,,Common Wall Lizard
,,,,,Viviparous Lizard
,aquatic invertebrates,Sea anemones and corals,Sea anemone,Sea anemones,Atlantic Beadlet Anemone
,,,,,Striped Green Sea Anemone
,,,,,Plumose Anemone
,,True jellyfish,frilly armed jellyfish,Ulmarid jellies,Common Moon Jelly
,"starfish, urchins etc.",Starfish,Starfish,Asteriid sea stars,Common Sea Star
,,urchins etc.,urchin,urchin,Arctic Green Sea Urchin
,Mollusc,Bivalves,burrowing molluscs with well-developed siphons. The shell is relatively soft and lacks a nacreous layer,softshell clams,Soft-shelled Clam
,,,oysters,true oysters,Pacific Oyster
,,,,,European Flat Oyster
,,,clams,basket clams,Asian Clam
,,Cephalopods,cuttlefish,cuttlefish,European Common Cuttlefish
,,"Slugs, Snails, etc.",sea snails,periwinkle snails,flat periwinkle
,,,,land winkles,Round-mouthed Snail
,,,,true whelks,Common Whelk
,,,,murex snails,Atlantic Dogwhelk
,,,sea slugs,sea slugs,barnacle-eating dorid
,,,air-breathing land snails and slugs,"small and medium-sized land slugs,",Milky Slug
,,,,roundback slugs,ater-group Arion Slugs
,,,,,Large Red Slug
,,,,pillar snails,Glossy Pillar
,,,,small to medium-sized air-breathing land snails,Small Pointed Snail
,,,,Helix snails,Copse Snail
,,,,,White-lipped Snail
,,,,,Brown-lipped Snail
,,,,,Garden Snail
,,,,,Roman Snail
,,,,keelback slugs,Ash-black Slug
,,,,,Leopard Slug
,,,,glass snails,Draparnaud's Glass Snail
Fungi,Sac Fungi,lichenized fungi,"Button Lichens, Rosette Lichens etc.","rosette lichen, frost lichen etc.",Hoary Rosette Lichen
,,,lichenized fungi,Candelariaceae,Candleflame Lichen
,,,,spindles and structured lichen,many-forked cladonia
,,,,,Lipstick Powderhorn
,,,,,Star-tipped Reindeer Lichen
,,,,Lecanoraceae,Stonewall Rim Lichen
,,,,shield lichen etc.,Oakmoss
,,,,,Hooded Tube Lichen
,,,,,Powder-headed Tube Lichen
,,,,,Netted shield lichen
,,,,,tree moss
,,,,,Common Script Lichen
,,,,whitewash lichen etc.,Whitewash Lichen
,,,,"sunburst lichen, firedots etc.",Common Sunburst Lichen
,,spores in cylindrical sacs,brightly coloured,jellydiscs,Purple Jellydisc
,,,Phacidiales,Phacidiaceae,Poor Man's Licorice
,,,the black spot,tar spot fungi,Black Tar Spot
,,disk like,cup fungi,Helvellaceae,White Saddle
,,,, Elf cups etc.,Scarlet Cup
,,Sordariomycetes,"brightly colored, perithecial ascomata, or spore-producing structures",Nectriaceae,coral spot fungus
,,,stag's horn and candle-snuff fungus,"snuffs, fingers",Brittle Cinder
,,,,,Candlesnuff Fungus
,,,,,dead man's fingers
,Club Fungi,Agaricomycetes,Gilled Mushrooms,field mushrooms etc.,The Prince
,,,,,Meadow Mushroom
,,,,,Shaggy Parasol
,,,,,Shaggy Mane
,,,,,Parasol
,,,,Amanita,Amanita series Mappae
,,,,,tawny grisette
,,,,,Fly Agaric
,,,,,blusher
,,,,Bolbitiaceae,yellow fieldcap
,,,,Cyphellaceae,Silverleaf Fungus
,,,,Fistulinaceae,Beefsteak Polypore
,,,,Hydnangiaceae,Amethyst Deceiver
,,,,earthstars and puffballs,Pear-shaped Puffball
,,,,,giant puffball
,,,,,common puffball
,,,,pinwheel,fairy ring marasmius
,,,,Mycenaceae,Lilac Bonnet
,,,,,Late Oyster
,,,,Bird's nest fungi,fluted bird's nest fungus
,,,,Physalacriaceae,Honey Mushroom
,,,,Physalacriaceae,Velvet Foot
,,,,Porotheleaceae,Stinking Orange Oyster
,,,,brittlestems etc.,Coprinopsis sect. Atramentariae
,,,,,hare's foot inkcap
,,,,,Coprinopsis sect. Picaceae
,,,,,weeping widow
,,,,Strophariaceae,Smoky-gilled Hypholoma
,,,,,Sulphur Tuft
,,,,,Brick Cap
,,,,,Golden Pholiota
,,,,Tricholomataceae,Cloudy Clitocybe
,,,"gelatinous, crustaceous, or woody basidiomes",Auriculariaceae,jelly ear fungus
,,,,,Black Witches' Butter
,,,"sponge-like surface under the cap, instead of the usual gills",boletes,King Bolete
,,,,,Bay Bolete
,,,,,Red-capped Scaber Stalk
,,,,,Brown Birch-bolete
,,,,Paxillaceae,Brown Roll-Rim
,,,,Sclerodermataceae,common earthball
,,,,Tapinellaceae,Velvet-footed Tap
,,,Cantharellales,Cantharellaceae,Golden Chanterelle
,,,Earth stars,Geastraceae,Collared Earthstar
,,,Gomphales,coral fungi,Upright Coral Fungus
,,,Hymenochaetales,Hymenochaetaceae,oak bracket
,,,stinkhorns,stinkhorns,devil's-fingers
,,,,,common stinkhorn
,,,shelf fungi,bracket polypores,Oak mazegill
,,,,,birch polypore
,,,,,Red-banded Conks
,,,,,Resinous Polypore
,,,,Meripilaceae,Giant Polypore
,,,,Meruliaceae,Blushing Rosette
,,,,,Trembling Crust
,,,,,Wrinkled Crust
,,,,bracket fungi,Dryad's Saddle
,,,,,Thin-walled Maze Polypore
,,,,,Hoof Fungus
,,,,,artist's bracket
,,,,,Northern Cinnabar Polypore
,,,,,Hairy Bracket
,,,,,turkeytail
,,,"spherical to elliptic basidiospores with a faint to very distinct (e.g. warty, spiny, or crested) ornamentation",Bondarzewiaceae,Berkeley's Polypore
,,Jelly Fungi,"Basidiocarps (fruit bodies) are ceraceous to gelatinous, typically yellow to orange as a result of carotenoid pigments, and variously corticioid (effused and patch-forming), disc- or cushion-shaped, spathulate, or clavarioid (club or coral-like).","jellyspots, staghorns",club-like tuning fork
,,,,,Jelly-antler
,,rusts,rust,rust,Hollyhock Rust
,,gelatinous fruiting bodies,Tremellales,Phaeotremellaceae,leafy brain
,,,,Tremellaceae,witch's butter
Plant,Moss etc.,True mosses,Dicranales,Ditrichaceae,Redshank
,,,Grimmiales,Grimmiaceae,Grey-cushioned Grimmia
,,,feather mosses,Hylocomiaceae,Square Gooseneck Moss
,,,,Plagiotheciaceae,Waved Silk-moss
,,,highly simplified vegetative and sporogenous bodies,Pottiaceae,Star Moss
,,,,,Wall Screw-moss
,Red Algae,Red Algae,limestone,"genus of red seaweeds with hard, abrasive calcareous skeletons",Common Coralline
,Vascular Plants,Flowering plants with parralell veined leaves,sweet flag,sweet flag,Eurasian Sweet-Flag
,,,water plantains,water plantains,European Water-plantain
,,,,,Sagittifolia group
,,,,arums,Cuckoo-pint
,,,,,Common Duckweed
,,,,,greater duckweed
,,,,flowering-rush family,Flowering-rush
,,,,aquatic flowering plants,European Frog-bit
,,,,,Water-soldier
,,,,arrowgrass,common arrowgrass
,,,,pondweed,Curly-leaf Pondweed
,,,,,floating-leaved pondweed
,,,,,Longleaf Pondweed
,,,,,Perfoliate Pondweed
,,,long narrow flat leaves,Amaryllidaceae,field garlic
,,,,,Chives
,,,,,Ramsons
,,,,,wild garlic
,,,,,common snowdrop
,,,,,wild daffodil
,,,,Asparagus Family,wild asparagus
,,,,Asparagus Family,Spanish Bluebell
,,,,,bluebell
,,,,,May Lily
,,,,,Garden Grape-hyacinth
,,,,,smooth Solomon's seal
,,,,,Forbes' Glory-of-the-snow
,,,,Asphodelaceae,orange day-lily
,,,,Iris family,Woodland crocus
,,,,,Crocus vernus
,,,,,Field Gladiolus
,,,,,Yellow Iris
,,,,Orchids,green-winged orchid
,,,,,pyramidal orchid
,,,,,white helleborine
,,,,,Common Spotted Orchid
,,,,,Early Marsh-orchid
,,,,,heath spotted-orchid
,,,,,Broad-leaved Marsh Orchid
,,,,,Elder-flowered Orchid
,,,,,Dark-red Helleborine
,,,,,Broad-leaved helleborine
,,,,,Marsh Helleborine
,,,,,lesser rattlesnake plantain
,,,,,Fragrant Orchid
,,,,,Lizard Orchid
,,,,,Three-toothed orchid
,,,,,Burnt-tip Orchid
,,,,,Heartleaf Twayblade
,,,,,Common Twayblade
,,,,,Bee Orchid
,,,,,woodcock orchid
,,,,,Fly Orchid
,,,,,Early Spider-Orchid Complex
,,,,,Man Orchid
,,,,,Early Purple Orchid
,,,,,Military Orchid
,,,,,Lady Orchid
,,,,,Lesser butterfly-orchid
,,,,,Greater butterfly-orchid
,,,vines or herbaceous forest floor plants,bog asphodels and colicroots,bog asphodel
,,,Liliales,Colchicaceae,Autumn Crocus Complex
,,,,Lilies,Yellow Star-of-Bethlehem
,,,,,Martagon Lily
,,,,,Wild tulip
,,,,bunchflowers,Herb Paris
,,,"grasses, bromeliads, rushes and sedges",sedges,sea clubrush
,,,,,hoary sedge
,,,,,Carex sect. Clandestinae
,,,,,Carex Echinata Clade
,,,,,hairy sedge
,,,,,Tall Bog-sedge
,,,,,pale sedge
,,,,,Hanging sedge
,,,,,Cyperus Sedge
,,,,,Northwest Territory sedge
,,,,,Spiked Sedge
,,,,,Carex sect. Sylvaticae
,,,,,Carex Sect. Vesicariae
,,,,,little green sedge
,,,,,Swamp Sawgrass
,,,,,common spike-rush
,,,,,Common Cotton-grass
,,,,,tussock cottongrass
,,,,,soft-stemmed bulrush
,,,,,Wood Club-rush
,,,,,Tufted Bulrush
,,,,rushes,Jointed rush
,,,,,Flattened Rush
,,,,,Soft-rush
,,,,,Slender Path Rush
,,,,,Field woodrush
,,,,,Hairy Woodrush
,,,,grasses,Meadow Foxtail
,,,,,European marram grass
,,,,,sweet vernal grass
,,,,,tall oat grass
,,,,,wild oat
,,,,,Quaking-grass
,,,,,common soft brome
,,,,,Smooth Brome
,,,,,Bushgrass
,,,,,orchard grass
,,,,,Hairy Crabgrass
,,,,,barnyardgrass
,,,,,reed meadowgrass
,,,,,Yorkshire fog
,,,,,wall barley
,,,,,Hare's Tail Grass
,,,,,Mountain Melick
,,,,,Chinese silver grass
,,,,,Alpine Timothy
,,,,,Timothy grass
,,,,,Annual bluegrass
,,,,,yellow foxtail
,,,,,Green Bristle Grass
,,,,,Bread Wheat
,,,,bulrushes,unbranched bur-reed
,,,,,Branched Bur-reed
,,,,,narrow-leaved cattail
,,clubmosses,clubmosses,clubmosses,northern firmoss
,,,,,inundated bog clubmoss
,,Flowering plants with net veined leaves,"clustering of flowers in which each flower stalk grows from the same point at the top of the stem, an arrangement that looks much like the ribs of an umbrella turned inside-out.","clustering of flowers in which each flower stalk grows from the same point at the top of the stem, an arrangement that looks much like the ribs of an umbrella turned inside-out.",Goutweed
,,,,,Garden angelica
,,,,,Wild Angelica
,,,,,Bur Parsley
,,,,,Cow Parsley
,,,,,water hemlock
,,,,,Field Eryngo
,,,,,Sea Holly
,,,,,Longleaf
,,,,,fennel
,,,,,Giant Hogweed Complex
,,,,,common cowparsnip
,,,,,Scots Lovage
,,,,,Burnet-saxifrage
,,,,,wood sanicle
,,,,,Moon Carrot
,,,,,Alexanders
,,,,,common ivy
,,,hollies etc.,hollies etc.,European holly
,,,"simple to palmately compound leaves with broad bases. The flowers are regular (many lines of symmetry),",daisy family,common yarrow complex
,,,,,Sneezewort
,,,,,Catsfoot
,,,,,lesser burdock
,,,,,lesser burdock
,,,,,Woolly Burdock
,,,,,Red Tasselflower
,,,,,absinthe wormwood
,,,,,common mugwort
,,,,,Lawn daisy
,,,,,Devil's Beggarticks
,,,,,Three-parted Beggarticks
,,,,,pot marigold
,,,,,Broad-winged Thistle
,,,,,Welted Thistle
,,,,,musk thistle
,,,,,carline thistle
,,,,,Cornflower
,,,,,Brown knapweed
,,,,,Perennial Cornflower
,,,,,black knapweed
,,,,,Greater Knapweed
,,,,,spotted knapweed
,,,,,chicory
,,,,,Stemless Thistle
,,,,,creeping thistle
,,,,,Melancholy Thistle
,,,,,Cabbage Thistle
,,,,,Marsh Thistle
,,,,,Bull Thistle
,,,,,garden cosmos
,,,,,Yellow Cosmos
,,,,,Golden marguerite
,,,,,Cotula coronopifolia Group
,,,,,Smooth hawksbeard
,,,,,Marshelder
,,,,,southern globe thistle
,,,,,Glandular Globe-thistle
,,,,,blue fleabane
,,,,,annual fleabane
,,,,,horseweed
,,,,,tropical horseweed
,,,,,hemp agrimony
,,,,,Gallant Soldier
,,,,,shaggy soldier
,,,,,marsh cudweed
,,,,,Jerusalem artichoke
,,,,,Dwarf Everlasting
,,,,,Canada hawkweed
,,,,,Common Cat's-ear
,,,,,Meadow Fleabane
,,,,,Elecampane
,,,,,Irish Fleabane
,,,,,ragwort
,,,,,prickly lettuce
,,,,,nipplewort
,,,,,oxeye daisy
,,,,,German Chamomile
,,,,,pineapple-weed
,,,,,Woodland Cudweed
,,,,,cotton thistle
,,,,,White Butterbur
,,,,,Common Butterbur
,,,,,mouse-eared hawkweed
,,,,,Jersey Cudweed
,,,,,Common Fleabane
,,,,,Autumn Hawkbit
,,,,,Narrow-leaved Ragwort
,,,,,Wood Ragwort
,,,,,Sticky Groundsel
,,,,,common groundsel
,,,,,giant goldenrod
,,,,,European goldenrod
,,,,,prickly sowthistle
,,,,,tansy
,,,,,common dandelions
,,,,,purple salsify
,,,,,Yellow Salsify
,,,,,scentless mayweed
,,,,,Sea Aster
,,,,,colt's-foot
,,,,,Elegant Zinnia
,,,,bellflowers,clustered bellflower
,,,,,Spreading Bellflower
,,,,,Peach-leaved Bellflower
,,,,,Rampion
,,,,,Harebell Complex
,,,,,Nettle-leaved Bellflower
,,,,,Sheep's-bit
,,,,,Water Lobelia
,,,,,Round-headed Rampion
,,,,,Spiked rampion
,,,,wet,Bogbean
,,,borage or forget-me-not family,Boraginaceae,small bugloss
,,,,,common alkanet
,,,,,Borage
,,,,,hound's-tongue
,,,,,purple viper's-bugloss
,,,,,viper's-bugloss
,,,,,European heliotrope
,,,,,Common Gromwell
,,,,,Oysterplant
,,,,,field forget-me-not
,,,,,water forget-me-not
,,,,,Wood Forget-me-not
,,,,,Green Alkanet
,,,,,Lacy phacelia
,,,,,Hairy Lungwort
,,,,,Suffolk Lungwort
,,,,,Common comfrey
,,,leafy greens,leafy greens,garlic mustard
,,,,,mouse-ear cress
,,,,,hoary alyssum
,,,,,Shortpod Mustard
,,,,,field mustard
,,,,,Warty-cabbage
,,,,,European Searocket
,,,,,shepherd's-purse
,,,,,large bittercress
,,,,,coralroot
,,,,,wavy bittercress
,,,,,hairy bittercress
,,,,,Cuckooflower
,,,,,sea kale
,,,,,Perennial Wall-rocket
,,,,,common whitlowgrass
,,,,,rocketsalad
,,,,,wormseed wallflower
,,,,,Wallflower
,,,,,dame's rocket
,,,,,field peppergrass
,,,,,Lesser swine-cress
,,,,,Heart-podded Hoary Cress
,,,,,Annual Honesty
,,,,,perennial honesty
,,,,,Bog Yellowcress
,,,,,charlock
,,,,,Tall Tumblemustard
,,,,,Hedge mustard
,,,,,Tower Mustard
,,,,Resedaceae,Wild Mignonette
,,,,,Weld
,,,,Tropaeolaceae,garden nasturtium
,,,Buxales,Buxaceae,Japanese pachysandra
,,,carnation family,amaranth family,Redroot Amaranth
,,,,,Creeping Saltbush
,,,,,Shining Orache
,,,,,nettle-leaved goosefoot
,,,,,Common Lambsquarters
,,,,,Mexican tea
,,,,,Clammy goosefoot
,,,,,Prickly Russian Thistle
,,,,,Prickly Russian Thistle
,,,,carnation family,thyme-leaf sandwort
,,,,,field chickweed
,,,,,Common mouse-ear chickweed
,,,,,Sticky mouse-ear chickweed
,,,,,Carthusian Pink
,,,,,Maiden Pink
,,,,,Smooth Rupturewort
,,,,,Sea Sandwort
,,,,,Three-nerved Sandwort
,,,,,greater stitchwort
,,,,,Procumbent Pearlwort
,,,,,common soapwort
,,,,,Rose campion
,,,,,red campion
,,,,,ragged-robin
,,,,,white campion
,,,,,Nottingham Catchfly
,,,,,bladder campion
,,,,,Corn spurrey
,,,,,Red Sand Spurrey
,,,,,lesser stitchwort
,,,,,Common Chickweed Complex
,,,,,Wood Stitchwort
,,,,,Sticky Catchfly
,,,,carnivorous flowering plants,Great Sundew
,,,,,spoonleaf sundew
,,,,leadwort family or the plumbago family,Sea Thrift
,,,,buckwheats,common bistort
,,,,,alpine bistort
,,,,,Black-bindweed
,,,,,Copse-bindweed
,,,,,alpine sorrel
,,,,,water smartweed
,,,,,swamp smartweed
,,,,,spotted lady's thumb
,,,,,Common Knotgrass Complex
,,,,,Japanese knotweed
,,,,,Giant Knotweed
,,,,,Common Sorrel
,,,,,Golden Dock
,,,,,broad-leaved dock
,,,Celastrales,spindle tree (woody shrubs or lianas with opposite or alternate leaves),Spindle
,,,,,Japanese spindle tree
,,,,,marsh grass-of-Parnassus
,,,"cosmopolitan genus of flowering plants commonly found in ponds, marshes, and quiet streams",Hornwort,coontail
,,,"four-parted flowers, drupaceous fruits, and inferior to half-inferior gynoecia topped with disc-shaped nectaries",Dogwoods,Cornelian cherry
,,,,,common dogwood
,,,,,red osier dogwood
,,,,,Swedish Cornel
,,,,hydrangea family,wild hydrangea
,,,,,mophead hydrangea
,,,gourd family,gourd family,White Bryony
,,,Honeysuckle family,Honeysuckle family,wild teasel
,,,,,Field Scabious
,,,,,Himalayan honeysuckle
,,,,,Common Honeysuckle
,,,,,Tatarian honeysuckle
,,,,,Fly Honeysuckle
,,,,,Small Scabious
,,,,,Cream Scabious
,,,,,Devil's-bit Scabious
,,,,,Common Snowberry
,,,,,Common Valerian Complex
,,,,,common cornsalad
,,,,Moschatel family,Moschatel
,,,,,Dwarf Elder
,,,,,European black elderberry
,,,,,red-berried elder
,,,,,Wayfaring-tree
,,,,,guelder-rose
,,,,,Leatherleaf viburnum
,,,Heathers etc.,balsam family,Kashmir Balsam
,,,,,Himalayan balsam
,,,,,Touch-me-not Balsam
,,,,,small balsam
,,,,heaths,Wild Rosemary
,,,,,alpine bearberry
,,,,,common heather
,,,,,black crowberry
,,,,,Tree heath
,,,,,Bell Heather
,,,,,Cross-leaved Heath
,,,,,alpine azalea
,,,,,One-flowered Wintergreen
,,,,,green-flowered wintergreen
,,,,,lesser wintergreen
,,,,,American wintergreen
,,,,,common bilberry
,,,,,bog cranberry
,,,,,bog bilberry
,,,,Primroses,Ivy-leaved cyclamen
,,,,,Arctic Starflower
,,,,,Sea Milkwort
,,,,,Yellow Pimpernel
,,,,,creeping Jenny
,,,,,Dotted Loosestrife
,,,,,Tufted Loosestrife
,,,,,Yellow Loosestrife
,,,,,Oxlip
,,,,,Cowslip
,,,,,Primrose
,,,Fabales,Legumes,Common Kidney-Vetch
,,,,,Wild Liquorice
,,,,,Scotch Broom
,,,,,common milkpea
,,,,,Dyer's Greenweed
,,,,,Common Laburnum
,,,,,broad-leaved sweet pea
,,,,,meadow pea
,,,,,broad-leaved sweet pea
,,,,,tuberous pea
,,,,,spring vetch
,,,,,greater bird's-foot-trefoil
,,,,,Narrow-leaved Lupine
,,,,,sickle alfalfa
,,,,,Black Medick
,,,,,little bur-clover
,,,,,White Sweetclover
,,,,,White Sweetclover
,,,,,Sainfoin
,,,,,Spiny restharrow
,,,,,black locust
,,,,,purple crownvetch
,,,,,rabbitfoot clover
,,,,,Lesser hop trefoil
,,,,,Strawberry clover
,,,,,Alsike clover
,,,,,crimson clover
,,,,,Zigzag Clover
,,,,,Mountain Clover
,,,,,Red Clover
,,,,,Reversed clover
,,,,,gorse
,,,,,tufted vetch
,,,,,Hairy tare
,,,,,Common Vetch
,,,,,Bush Vetch
,,,,,hairy vetch
,,,,,Chinese wisteria
,,,"all trees or shrubs with simple leaves, or compound leaves in Juglandaceae and Rhoipteleaceae, usually arranged alternately (rarely opposite or whorled)",birch,common alder
,,,,,silver birch
,,,,,Downy Birch
,,,,,European Hornbeam
,,,,,common hazel
,,,,beech,Sweet Chestnut
,,,,,European beech
,,,,,Pedunculate Oak Complex
,,,,walnut ,Persian walnut
,,,Gentianales,Dogbanes,oleander
,,,,,lesser periwinkle
,,,,,Swallow-wort
,,,,Gentianaceae,Yellow-wort
,,,,,Common centaury
,,,,,Lesser Centaury
,,,,,marsh gentian
,,,,,Fringe-flowered Gentian
,,,,Madder family,Crosswort
,,,,,white bedstraw
,,,,,cleavers
,,,,,hedge bedstraw
,,,,,Sweet Woodruff
,,,,,Lady's Bedstraw
,,,Geraniales,Geranium family,Common stork's-bill
,,,,,Carolina crane's-bill
,,,,,Dove's-foot Crane's-Bill Complex
,,,,,Marsh Crane's-bill
,,,,,Dusky Crane's-bill
,,,,,Meadow Crane's-bill
,,,,,Little-Robin
,,,,,Small-flowered Crane's-bill
,,,,,Hedgerow Crane's-bill
,,,,,Herb Robert
,,,,,Bloody Crane's-bill
,,,Lamiales,mints,Blue Bugle
,,,,,carpet bugle
,,,,,Black horehound
,,,,,common hedge-nettle
,,,,,basil-thyme
,,,,,Wild Basil
,,,,,Bifid Hemp-nettle
,,,,,Common hemp-nettle
,,,,,White deadnettle
,,,,,yellow archangel
,,,,,Spotted deadnettle
,,,,,red deadnettle
,,,,,European water-horehound
,,,,,lemon balm
,,,,,watermint
,,,,,corn mint
,,,,,Horse Mint
,,,,,spearmint
,,,,,Oregano
,,,,,common selfheal
,,,,,Meadow Sage
,,,,,Rosemary
,,,,,Whorled Clary
,,,,,Marsh Skullcap
,,,,,woolly hedgenettle
,,,,,Marsh Woundwort
,,,,,Perennial Yellow-woundwort
,,,,,hedge woundwort
,,,,,Wall germander
,,,,,woodland germander
,,,,,Large Thyme
,,,,,wild thyme
,,,,Lentibulariaceae,Common Butterwort
,,,,olives,European ash
,,,,,Common Privet
,,,,,common lilac
,,,,Broomrapes,Velvetbells
,,,,,Yellow Glandweed
,,,,,Common Eyebright
,,,,,Field Cow-wheat
,,,,,Common Cow-wheat
,,,,,Red Odontites
,,,,,ivy broomrape
,,,,,Common Lousewort
,,,,,Greater Yellow Rattle
,,,,,Yellow Rattle
,,,,,Greater Yellow-rattle
,,,,lopseed family,seep monkeyflower
,,,,Plantains,Snapdragon Complex
,,,,,dwarf snapdragon
,,,,,Ivy-leaved toadflax
,,,,,purple foxglove
,,,,,Common Mare's Tail
,,,,,Purple Toadflax
,,,,,common toadflax
,,,,,Buck's-horn Plantain
,,,,,ribwort plantain
,,,,,greater plantain
,,,,,Hoary Plantain
,,,,,corn speedwell
,,,,,Brooklime
,,,,,Germander Speedwell
,,,,,Slender speedwell
,,,,,ivy-leaved speedwell
,,,,,heath speedwell
,,,,,bird's-eye speedwell
,,,,,Spiked Speedwell
,,,,,Broadleaf Speedwell
,,,,Figworts,Butterfly bush
,,,,,California beeplant
,,,,,White Mullein
,,,,,Dark Mullein
,,,,Verbenas,purpletop vervain
,,,,,Common vervain
,,,laurels,laurels,Bay laurel
,,,Malpighiales,Spurges,wood spurge
,,,,,cypress spurge
,,,,,Sun spurge
,,,,,caper spurge
,,,,,Sea Spurge
,,,,,Petty Spurge
,,,,,Annual mercury
,,,,,Dog's Mercury
,,,,St. John's-worts,Tutsan
,,,,,Rose-of-sharon
,,,,,Imperforate St John's-wort
,,,,Passion flowers,Bluecrown passionflower
,,,,Willow family,white poplar
,,,,,Black Poplar
,,,,,quaking aspen
,,,,,white willow
,,,,,weeping willow
,,,,,goat willow
,,,,,Grey Willow
,,,,,Net-leaved Willow
,,,,,basket willow
,,,,violets and pansies,European field pansy
,,,,,Twoflower Violet
,,,,,Heath Dog-Violet
,,,,,Sweet violet
,,,,,Early Dog-violet
,,,,,common dog-violet
,,,,,European field pansy
,,,Malvales,Rock-roses,Common Rock-rose
,,,,Mallows,Hollyhock
,,,,,common hibiscus
,,,,,musk mallow
,,,,,dwarf mallow
,,,,,Common Mallow
,,,,,Small-leaved Lime
,,,,Thymelaeaceae,Mezereon
,,,Myrtales,Lythraceae,Hyssop Loosestrife
,,,,,purple loosestrife
,,,,Evening primroses,fireweed
,,,,,broadleaf enchanter's nightshade
,,,,,panicled willowherb
,,,,,Great Willowherb
,,,,,Broad-leaved Willowherb
,,,,,common evening-primrose
,,,,,Large-flowered Evening-primrose
,,,aquatic,Water lilies,yellow water-lily
,,,,,European White Waterlily
,,,wood sorrel,wood sorrel,European wood-sorrel
,,,,,Creeping Woodsorrel
,,,,,upright yellow woodsorrel
,,,pepper family,Birthwort family,Birthwort
,,,,,Asarabacca
,,,Buttercup Family,barberry family.,Oregon grape
,,,,,Japanese barberry
,,,,,European barberry
,,,,Poppies,Greater celandine
,,,,,Hollowroot
,,,,,Bird-in-a-bush
,,,,,Common Fumitory
,,,,,Welsh Poppy
,,,,,Long-headed Poppy Complex
,,,,,common poppy
,,,,,opium poppy
,,,,,Yellow Fumitory
,,,,Buttercups,
,,,,,Monk's-hood
,,,,,Northern Wolfsbane
,,,,,red baneberry
,,,,,wood anemone
,,,,,Snowdrop Anemone
,,,,,Dark Columbine
,,,,,Common columbine
,,,,,marsh marigold
,,,,,Old man's beard
,,,,,Forking Larkspur
,,,,,Stinking hellebore
,,,,,love-in-a-mist
,,,,,meadow buttercup
,,,,,goldilocks buttercup
,,,,,bulbous buttercup
,,,,,Lesser Spearwort
,,,,,Creeping buttercup
,,,,,cursed crowfoot
,,,,,Lesser Meadow-rue
,,,,,European Globeflower
,,,Rosales,Hemp,Cannabis
,,,,,common hop
,,,,Elaeagnaceae,Sea-buckthorn
,,,,Mulberry family,common fig
,,,,Buckthorns,alder buckthorn
,,,,Rose family,common agrimony
,,,,,common silverweed
,,,,,black chokeberry
,,,,,Goatsbeard
,,,,,marsh cinquefoil
,,,,,Common Hawthorn Complex
,,,,,shrubby cinquefoil
,,,,,Meadowsweet
,,,,,Dropwort
,,,,,woodland strawberry
,,,,,Wood Avens
,,,,,Japanese Kerria
,,,,,apple
,,,,,apple
,,,,,common ninebark
,,,,,Silvery Cinquefoil
,,,,,Tormentil
,,,,,mock strawberry
,,,,,Creeping cinquefoil
,,,,,wild cherry
,,,,,Cherry laurel
,,,,,bird cherry
,,,,,black cherry
,,,,,Blackthorn
,,,,,Firethorn
,,,,,Common Pear
,,,,,Dog-rose
,,,,,multiflora rose
,,,,,rugosa rose
,,,,,Burnet Rose
,,,,,European dewberry
,,,,,cloudberry
,,,,,Common Dewberry
,,,,,red raspberry
,,,,,Cutleaf Blackberry
,,,,,Salad Burnet
,,,,,Great burnet
,,,,,creeping sibbaldia
,,,,,Sorbaria
,,,,,European mountain ash
,,,,,Japanese Spirea
,,,,elm family,Wych Elm
,,,,,Field Elm complex
,,,,nettle family,pellitory-of-the-wall
,,,,,great stinging nettle
,,,,,Dwarf Nettle
,,,Santalales,sandalwoods,European mistletoe
,,,Sapindales,Cashews,staghorn sumac
,,,,Soapberry family,field maple
,,,,,Norway maple
,,,,,Acer ser. Acer
,,,,,horse-chestnut
,,,,,golden rain tree
,,,,quassia family,tree-of-heaven
,,,rockfoils,Stonecrops,orpine
,,,,,Roseroot
,,,,,Biting Stonecrop
,,,,,White stonecrop
,,,,,Tasteless Stonecrop
,,,,,Houseleek
,,,,currant family,Red Currant
,,,,,Red-flowering Currant
,,,,,European gooseberry
,,,,Water milfoils,Parrot's feather
,,,,,Eurasian water-milfoil
,,,,Saxifrages,Yellow Saxifrage
,,,,,Meadow Saxifrage
,,,Solanales,Morning-glories,hedge bindweed
,,,,,field bindweed
,,,,Nightshade,Japanese-lantern
,,,,,Deadly Nightshade
,,,,,matrimony vine
,,,,,apple-of-Peru
,,,,,Cape gooseberry
,,,,,tomato
,,,,,Black Nightshade Complex
,,,,,potato
,,,grapes etc.,grapes,thicket creeper
,,Conifers,Conifers,cypress family,common juniper
,,,,Pine family,European larch
,,,,,Norway spruce
,,,,,Sitka spruce
,,,,,black pine
,,,,,Scots pine
,,Ferns,Equisetales,Horsetail family,field horsetail
,,,,,water horsetail
,,,,,wood horsetail
,,,,,great horsetail
,,,Ophioglossales,Adder's-tongues,common moonwort
,,,Polypodiales,Aspleniaceae,wall-rue
,,,,,Hart's-tongue fern
,,,,,maidenhair spleenwort
,,,,Athyriaceae,lady fern
,,,,Dennstaedtiaceae,common bracken
,,,,wood ferns,house holly-fern
,,,,,crested wood fern
,,,,,male fern
,,,,Common ferns,rock polypody
,,,,Marsh fern family,long beech fern
,,,Water ferns,Salviniaceae,water fern
